{"Schleswig-Holstein": {"Conv": [0.028316749808659405], "LSTM": [0.04214257485325459], "Ens_C_L": [0.02561105279425535]}, "Freie und Hansestadt Hamburg": {"Conv": [0.02193042885050849], "LSTM": [0.016042404874871657], "Ens_C_L": [0.015391545673265755]}, "Niedersachsen": {"Conv": [0.019936646359003555], "LSTM": [0.013190108376358547], "Ens_C_L": [0.01563305500209087]}, "Freie Hansestadt Bremen": {"Conv": [0.05812239725346272], "LSTM": [0.06005222326934261], "Ens_C_L": [0.05167479024969254]}, "Nordrhein-Westfalen": {"Conv": [0.01075317807936875], "LSTM": [0.011389872106082064], "Ens_C_L": [0.010628706185389787]}, "Hessen": {"Conv": [0.022063554164688384], "LSTM": [0.022038378544041896], "Ens_C_L": [0.020964516744024993]}, "Rheinland-Pfalz": {"Conv": [0.02447907052456709], "LSTM": [0.027033898497081526], "Ens_C_L": [0.031065506203826383]}, "Baden-W\u00fcrttemberg": {"Conv": [0.006998994696722047], "LSTM": [0.0064427040609670175], "Ens_C_L": [0.00660345862134485]}, "Freistaat Bayern": {"Conv": [0.026403352679716423], "LSTM": [0.025768670635144972], "Ens_C_L": [0.02602213721873617]}, "Saarland": {"Conv": [0.022270403640369852], "LSTM": [0.02299157815001522], "Ens_C_L": [0.022152078467800526]}, "Berlin": {"Conv": [0.03542162824527718], "LSTM": [0.024552247687321112], "Ens_C_L": [0.040137483493487246]}, "Brandenburg": {"Conv": [0.009574553416590255], "LSTM": [0.008556814686273223], "Ens_C_L": [0.009377952209161147]}, "Mecklenburg-Vorpommern": {"Conv": [0.02110692275091552], "LSTM": [0.027636841816810226], "Ens_C_L": [0.03395955307965794]}, "Freistaat Sachsen": {"Conv": [0.005272629601991292], "LSTM": [0.0058523419901993405], "Ens_C_L": [0.00546614997875607]}, "Sachsen-Anhalt": {"Conv": [0.010763042212002616], "LSTM": [0.01124581619857376], "Ens_C_L": [0.013276734584208133]}, "Freistaat Th\u00fcringen": {"Conv": [0.008068513749428336], "LSTM": [0.008083632948892073], "Ens_C_L": [0.008814601992079426]}}