{"Schleswig-Holstein": {"LSTM": [0.03502052705868853, 0.035398638572088074, 0.034827476349536375, 0.03506236461296336, 0.03553746355036275, 0.03600461033431465, 0.034403554026539045, 0.035334142386531896, 0.03537472934536811, 0.035321778782616525]}, "Freie und Hansestadt Hamburg": {"LSTM": [0.013736817708136497, 0.013501088910732472, 0.013217233229710927, 0.01274385895924162, 0.01359817475985, 0.013667232668996549, 0.01317554801284154, 0.01375847004904115, 0.01451592718910503, 0.01330800332398876]}, "Niedersachsen": {"LSTM": [0.014912098497481902, 0.014564064711223498, 0.014319530159163936, 0.013590977937963987, 0.01467292661286993, 0.014645054520900652, 0.014410912777979285, 0.01485651901514616, 0.015536999173813149, 0.014397192398649622]}, "Freie Hansestadt Bremen": {"LSTM": [0.07065518225728651, 0.06621575671677997, 0.06633938844597778, 0.06028762539568974, 0.06736348721201006, 0.06549652058256486, 0.0691751924227227, 0.06859367132566392, 0.07414453326118724, 0.06590016982705844]}, "Nordrhein-Westfalen": {"LSTM": [0.011640068923328847, 0.011705359896137796, 0.011604596441224519, 0.011367552369465026, 0.011549329420300047, 0.01159067981554119, 0.011402152649885018, 0.011803219935160715, 0.011849087334991014, 0.011480108208538889]}, "Hessen": {"LSTM": [0.022490489457798076, 0.021382196624420438, 0.021323778551140395, 0.019516263748947136, 0.021550724532552478, 0.021096813454062557, 0.021898657596520404, 0.02207996520754878, 0.023575663177159492, 0.02111321112608086]}, "Rheinland-Pfalz": {"LSTM": [0.031915881845196066, 0.031155063293886565, 0.030803439089936435, 0.029130051030177507, 0.031242957581787145, 0.031067467397755667, 0.030975170545135513, 0.03181619325800975, 0.033124697839024886, 0.03072243057868565]}, "Baden-W\u00fcrttemberg": {"LSTM": [0.006446589093221248, 0.006487043639168747, 0.006441737986911334, 0.0063513704708743415, 0.006367960073277813, 0.006394823901932499, 0.006301907542036994, 0.00652763898727142, 0.006494417128735382, 0.006348265198177366]}, "Freistaat Bayern": {"LSTM": [0.023320252783197132, 0.023266172249674737, 0.02308959263697406, 0.023325913940151613, 0.02307121477972444, 0.023352235095537008, 0.02260890405190881, 0.02309774866579963, 0.023363257181024832, 0.02312589827322727]}, "Saarland": {"LSTM": [0.027018519044366283, 0.02714473251191074, 0.027092121763633376, 0.025377187935574436, 0.02731180636933127, 0.026891359264748577, 0.027635182229501856, 0.027775965215707545, 0.02912172349814206, 0.026915368710952275]}, "Berlin": {"LSTM": [0.030773722079716705, 0.030035767146577144, 0.03001553428725039, 0.0278611064264854, 0.03036356613213186, 0.02977463489937966, 0.030870884476582344, 0.030840754421153457, 0.03267297555442046, 0.029856303547535698]}, "Brandenburg": {"LSTM": [0.009062018632587002, 0.00958234301887504, 0.009479253106165682, 0.009143981088469708, 0.009711785784167015, 0.009663230038555163, 0.00962045149564974, 0.009739641876693787, 0.01008666435479765, 0.009561569762571243]}, "Mecklenburg-Vorpommern": {"LSTM": [0.022486644488831874, 0.02310512169442593, 0.022686988786172646, 0.022845792176455496, 0.02328813538986733, 0.023697891600298143, 0.022372048164864235, 0.022956814957532056, 0.02300967846819352, 0.02316965768910727]}, "Freistaat Sachsen": {"LSTM": [0.005622936869134267, 0.006135739666757154, 0.006018311781092249, 0.005936391394566603, 0.006218421131712254, 0.006194889929175361, 0.0060992108104849264, 0.006283439544385541, 0.006400070813529166, 0.006076654470742879]}, "Sachsen-Anhalt": {"LSTM": [0.01188703582698932, 0.012860020282635604, 0.012707250659397587, 0.012469231595004043, 0.013043893602729078, 0.012895495773106553, 0.012993478413366927, 0.013202126305755528, 0.01337587552207996, 0.012765593024093295]}, "Freistaat Th\u00fcringen": {"LSTM": [0.008905477625994222, 0.009638702370970758, 0.009519293718102492, 0.009307619438522851, 0.00976520231883482, 0.009665870598792195, 0.009707756908465414, 0.009889514675673576, 0.00984601817569154, 0.009557854189791926]}}