{"Schleswig-Holstein": {"KINN": [0.0046853513904056175, 0.007012480036960229, 0.003998908208548033, 0.010920070001704222, 0.005354043073779596, 0.0037122204671531807, 0.007164312278514304, 0.008239317336984768, 0.007605160515254864, 0.005232144627026422]}, "Freie und Hansestadt Hamburg": {"KINN": [0.004374094413041908, 0.0068116267715147075, 0.0062791879458571126, 0.004894974503618077, 0.006963845067710626, 0.003907782541609421, 0.003959780109058793, 0.008617854565945469, 0.005349841078892241, 0.004677647885985119]}, "Niedersachsen": {"KINN": [0.0011284296522738686, 0.0011276483326590904, 0.001129483531733356, 0.0011246392243416602, 0.0011380642594571292, 0.0011180853407722461, 0.0011252358077468154, 0.0011294403119824995, 0.001119861654020446, 0.0011473395569719643]}, "Freie Hansestadt Bremen": {"KINN": [0.003970885878201211, 0.00190654920104161, 0.005496274248857903, 0.001602471781577329, 0.0029889173713047133, 0.002159575913769005, 0.001062987290228663, 0.0016521790213053084, 0.0029191997177589833, 0.0012567608401096195]}, "Nordrhein-Westfalen": {"KINN": [0.014051884164127922, 0.010742191075409961, 0.016658067955231306, 0.020504618318344138, 0.01592055832738001, 0.015600225307471446, 0.020445785093717115, 0.01705011031676523, 0.015217337405249378, 0.0215586041048194]}, "Hessen": {"KINN": [0.0004731016402350699, 0.00012609438735824012, 0.0005696971366350241, 0.0008127576455198978, 0.00048490919922559127, 0.0003200847341157666, 0.0010576043036065422, 0.00021406403873412813, 0.00010296182083031929, 0.0002775786468509161]}, "Rheinland-Pfalz": {"KINN": [0.0010324037483726678, 0.0009042340242364221, 0.000442109421784854, 0.0003560615195414034, 0.0016292004123725102, 0.0007010293975957001, 0.000894214402319842, 0.000521264786223399, 0.0012955786852260635, 0.0011717175980414413]}, "Baden-W\u00fcrttemberg": {"KINN": [0.00013672562896725957, 0.00015344422169716356, 0.00021455230609867098, 0.00021924135925787788, 0.00033900434759747897, 0.00023370146318613542, 0.0002233679240395719, 9.82276911784151e-05, 0.0001306091933390456, 0.00022232547566038597]}, "Freistaat Bayern": {"KINN": [3.408308280337503e-05, 5.0310651198820864e-05, 0.0003595527816492601, 0.0002492390344137841, 9.414529226929376e-05, 3.5902609928889746e-05, 5.8627563133553555e-05, 4.553952722622274e-05, 5.5784324320481034e-05, 3.929251287988093e-05]}, "Saarland": {"KINN": [0.0005140447704073476, 0.00060666579010259, 0.00033676969609385183, 0.00042915089532593215, 0.0005593534451687189, 0.0035451758934040983, 0.0010058295208857598, 0.00024707995537248196, 0.0004276043519063029, 0.0004889712648939048]}, "Berlin": {"KINN": [0.000583672591958378, 0.0006156806029140856, 0.0006264926287560586, 0.0012470038337534042, 0.0008301141458115151, 0.0005984414710959506, 0.0006129058703602867, 0.0023622800206349304, 0.000617341559341776, 0.0006702575086511868]}, "Brandenburg": {"KINN": [0.00018620470220243553, 0.0001943589333071959, 0.00018664191150933522, 0.00023516032327162222, 0.00011771912421532158, 0.00045819285853360945, 0.0005212562734837249, 0.0001919494048685144, 0.00018919303720190295, 0.0002324237263789214]}, "Mecklenburg-Vorpommern": {"KINN": [0.0007717146388424245, 0.0009423938956447491, 0.0008459462324344366, 0.0009072060310876531, 0.0004845652993717677, 0.0016402713926243972, 0.0004736395112225652, 0.0005787426447638636, 0.000402487034523996, 0.0009550665474375563]}, "Freistaat Sachsen": {"KINN": [0.0009430335718840681, 0.0017312198093744312, 0.0013309051574307321, 0.0024870543706996136, 0.001493625670201266, 0.0021513052864674596, 0.002269540907822602, 0.002029243024519518, 0.0025643731542149043, 0.0022995517806477317]}, "Sachsen-Anhalt": {"KINN": [0.0004915153327199041, 0.00015724059957553262, 0.00015788681824625134, 0.00015566436807133415, 0.00016293695014861278, 0.00016751731005442487, 0.00016233988126346368, 0.0008343572725214599, 0.0004093591629396678, 0.00015962403941209452]}, "Freistaat Th\u00fcringen": {"KINN": [1.730319811507801e-05, 1.739657498273626e-05, 0.00014412515273421744, 3.1695477869354934e-05, 0.0006201266067931034, 1.7765566620849345e-05, 1.6757089218328047e-05, 1.71631246678904e-05, 1.8384944724244996e-05, 2.3992008049930365e-05]}}