{"Schleswig-Holstein": {"STL_seas_naive": [0.03557904561093132], "ARMA": [0.046836233091981705], "ARIMA": [0.046836233091981705], "SARIMA": [0.009135996272417448], "Theta": [0.03602094433636171], "4Theta": [0.03618962722350594], "ETS": [0.03457779292202908], "BAGGED_ETS": [0.03741324976702363], "TBATS": [0.041890718147600835]}, "Freie und Hansestadt Hamburg": {"STL_seas_naive": [0.020876929453918624], "ARMA": [0.01079963271068112], "ARIMA": [0.01079963271068112], "SARIMA": [0.017958548235895797], "Theta": [0.018891617496633564], "4Theta": [0.018651890426453273], "ETS": [0.019897609235690006], "BAGGED_ETS": [0.013216192887226799], "TBATS": [0.02580111802504384]}, "Niedersachsen": {"STL_seas_naive": [0.013859485128633636], "ARMA": [0.03188697130743023], "ARIMA": [0.03188697130743023], "SARIMA": [0.0012556401243237322], "Theta": [0.01693501853408986], "4Theta": [0.016843980505735778], "ETS": [0.01769605785975638], "BAGGED_ETS": [0.013660653270321536], "TBATS": [0.040419706527547665]}, "Freie Hansestadt Bremen": {"STL_seas_naive": [0.037156871227699034], "ARMA": [0.07703231961729413], "ARIMA": [0.07703231961729413], "SARIMA": [0.01047629168665673], "Theta": [0.07864324500982804], "4Theta": [0.07828126512797658], "ETS": [0.08028877566902363], "BAGGED_ETS": [0.05341379217092738], "TBATS": [0.1035891900262309]}, "Nordrhein-Westfalen": {"STL_seas_naive": [0.015595225512221492], "ARMA": [0.009814088832147178], "ARIMA": [0.009814088832147178], "SARIMA": [0.020130503057286087], "Theta": [0.01197252306735634], "4Theta": [0.011939598570138566], "ETS": [0.012373977163682473], "BAGGED_ETS": [0.011513840828984769], "TBATS": [0.019244019138387858]}, "Hessen": {"STL_seas_naive": [0.012993370917726142], "ARMA": [0.004561349445702414], "ARIMA": [0.004561349445702414], "SARIMA": [0.0015267501111565277], "Theta": [0.025355607436882963], "4Theta": [0.024212642496026907], "ETS": [0.02963296729482408], "BAGGED_ETS": [0.017413618485963425], "TBATS": [0.04563990067903443]}, "Rheinland-Pfalz": {"STL_seas_naive": [0.026489860852973734], "ARMA": [0.030722287773484302], "ARIMA": [0.030722287773484302], "SARIMA": [0.0030255427017838454], "Theta": [0.036793173748323284], "4Theta": [0.036860694159829635], "ETS": [0.03814540020695217], "BAGGED_ETS": [0.029619145754933976], "TBATS": [0.06022345455494609]}, "Baden-W\u00fcrttemberg": {"STL_seas_naive": [0.006927489404592033], "ARMA": [0.0038835075907911027], "ARIMA": [0.0038835075907911027], "SARIMA": [0.0014429797671070925], "Theta": [0.0066100476331297136], "4Theta": [0.006713231504086615], "ETS": [0.006425726867096273], "BAGGED_ETS": [0.007340122903792628], "TBATS": [0.00640313022979221]}, "Freistaat Bayern": {"STL_seas_naive": [0.019644750656691273], "ARMA": [0.04071523778589533], "ARIMA": [0.04071523778589533], "SARIMA": [0.00026947249193604706], "Theta": [0.02843463948314298], "4Theta": [0.02929150502941505], "ETS": [0.025715052039970803], "BAGGED_ETS": [0.03376216316489306], "TBATS": [0.024311251808791276]}, "Saarland": {"STL_seas_naive": [0.015993643431571447], "ARMA": [0.012578288968597369], "ARIMA": [0.012578288968597369], "SARIMA": [0.0011588465190486674], "Theta": [0.0261040060978511], "4Theta": [0.02570698318727403], "ETS": [0.028160545194653136], "BAGGED_ETS": [0.021538892816233942], "TBATS": [0.03442842244617395]}, "Berlin": {"STL_seas_naive": [0.024435139754442187], "ARMA": [0.004180790923813273], "ARIMA": [0.004180790923813273], "SARIMA": [0.004573811467605747], "Theta": [0.02869067374927381], "4Theta": [0.027629278670337546], "ETS": [0.03273889280231194], "BAGGED_ETS": [0.02178031030639252], "TBATS": [0.047871843265894776]}, "Brandenburg": {"STL_seas_naive": [0.015784519552602877], "ARMA": [0.019051015287359054], "ARIMA": [0.019051015287359054], "SARIMA": [0.0007707130237261363], "Theta": [0.00996576813810531], "4Theta": [0.009758441567464861], "ETS": [0.008815991064581679], "BAGGED_ETS": [0.008922667123054904], "TBATS": [0.014197927098908611]}, "Mecklenburg-Vorpommern": {"STL_seas_naive": [0.027784016981175098], "ARMA": [0.02758448918419515], "ARIMA": [0.02758448918419515], "SARIMA": [0.003265104928865297], "Theta": [0.0358894213877439], "4Theta": [0.03091442979367824], "ETS": [0.03075168331023233], "BAGGED_ETS": [0.053312711017863834], "TBATS": [0.008703354696986708]}, "Freistaat Sachsen": {"STL_seas_naive": [0.010756571332148336], "ARMA": [0.01035957815309257], "ARIMA": [0.01035957815309257], "SARIMA": [0.008285261795603934], "Theta": [0.009268462035470479], "4Theta": [0.007310653246810167], "ETS": [0.006515303706419486], "BAGGED_ETS": [0.010352262471967416], "TBATS": [0.006594108192003259]}, "Sachsen-Anhalt": {"STL_seas_naive": [0.022824764290347337], "ARMA": [0.017265306262304617], "ARIMA": [0.017265306262304617], "SARIMA": [0.0011987165206512158], "Theta": [0.011794205471283022], "4Theta": [0.010654407085062564], "ETS": [0.010355955577151207], "BAGGED_ETS": [0.01078530075960446], "TBATS": [0.014900518616686176]}, "Freistaat Th\u00fcringen": {"STL_seas_naive": [0.016168151762787887], "ARMA": [0.01768191629790877], "ARIMA": [0.01768191629790877], "SARIMA": [0.0005680893611634568], "Theta": [0.009935958160293383], "4Theta": [0.008187961160838536], "ETS": [0.00815775114050774], "BAGGED_ETS": [0.009510013211447661], "TBATS": [0.008148053472489439]}}